RAH-CountryIso,RAH-CountryName,Forecast_Time,Forecast_InitTime_Views,main_mean,main_mean-Rank,main_mean-Rank-Norm,main_dich,main_dich-Rank,main_dich-Rank-Norm,Forecast_InitTime_BSE-CF,anyviolence,anyviolence-Rank,anyviolence-Rank-Norm,armedconf,armedconf-Rank,armedconf-Rank-Norm,lnbest_pc,lnbest_pc-Rank,lnbest_pc-Rank-Norm,Forecast_InitTime_CAST,battles_forecast,battles_forecast-Rank,battles_forecast-Rank-Norm,erv_forecast,erv_forecast-Rank,erv_forecast-Rank-Norm,vac_forecast,vac_forecast-Rank,vac_forecast-Rank-Norm,total_forecast,total_forecast-Rank,total_forecast-Rank-Norm,Mean-Rank,Mean-Rank-Norm,Mean-Num-Values,main_mean-KendallTauRank,main_mean-KendallTauRankpVal,lnbest_pc-KendallTauRank,lnbest_pc-KendallTauRankpVal,total_forecast-KendallTauRank,total_forecast-KendallTauRankpVal,source,createdOn,createdBy
JOR,Jordan,2025-02-01,2024-07-01,0.1402,69.0,0.6387434554973822,0.0048,68.0,0.6421052631578947,2024-08-01,0.4280060995494487,75.0,0.5614035087719298,0.1748448598511496,63.0,0.631578947368421,0.9882260517706162,76.0,0.5555555555555556,2024-09-01,1.0,45.0,0.16666666666666663,0.0,37.0,0.0,0.0,69.0,0.0,1.0,63.0,0.17105263157894735,94.0,0.3995066746272312,8,0.661818181818182,1.7334696345968468e-22,0.6540054584335706,5.407892387756837e-22,0.7065977758027538,9.067769547614921e-22,"ml.CRD_VIEWS_Admin0, ml.CRD_CFB_Admin0, ml.CRD_CAST_Admin1",20240916,/Repos/.internal/f7d5c3f00d_commits/d9e7b0b6c2be226b403d5af1ce8e7afaa2259fc2/conflictForecastingData/aggregate_Forecasts_Rank
ISR,Israel,2025-02-01,2024-07-01,877.5728,1.0,0.9947643979057592,0.994,1.0,0.9947368421052631,2024-08-01,0.9197047452054528,28.0,0.8362573099415205,0.9105968105445306,14.0,0.9181286549707602,9.707796123764584,2.0,0.9883040935672515,2024-09-01,11.0,31.0,0.42592592592592593,191.0,8.0,0.7837837837837838,4.0,46.0,0.33333333333333337,206.0,14.0,0.8157894736842105,20.0,0.7844042926916998,8,0.661818181818182,1.7334696345968468e-22,0.6540054584335706,5.407892387756837e-22,0.7065977758027538,9.067769547614921e-22,"ml.CRD_VIEWS_Admin0, ml.CRD_CFB_Admin0, ml.CRD_CAST_Admin1",20240916,/Repos/.internal/f7d5c3f00d_commits/d9e7b0b6c2be226b403d5af1ce8e7afaa2259fc2/conflictForecastingData/aggregate_Forecasts_Rank
JOR,Jordan,2024-11-01,2024-07-01,0.1047,65.0,0.6596858638743455,0.0043,64.0,0.4482758620689655,2024-08-01,0.174422560156813,77.0,0.5497076023391814,0.0467561448706562,69.0,0.5964912280701755,0.2527530509248829,78.0,0.543859649122807,2024-09-01,1.0,45.0,0.15094339622641506,0.0,37.0,0.0,0.0,69.0,0.0,1.0,63.0,0.17105263157894735,90.0,0.3686204502127362,8,0.7205496206905431,2.404100105290587e-26,0.6972421492289936,8.898179951816156e-25,0.6999259044004918,2.0709050175167634e-21,"ml.CRD_VIEWS_Admin0, ml.CRD_CFB_Admin0, ml.CRD_CAST_Admin1",20240916,/Repos/.internal/f7d5c3f00d_commits/d9e7b0b6c2be226b403d5af1ce8e7afaa2259fc2/conflictForecastingData/aggregate_Forecasts_Rank
IRN,"Iran, Islamic Republic of",2025-02-01,2024-07-01,4.5731,30.0,0.8429319371727748,0.0549,30.0,0.8421052631578947,2024-08-01,0.9505965958163244,10.0,0.9415204678362573,0.5160472939007079,39.0,0.7719298245614035,4.709364683128428,34.0,0.8011695906432749,2024-09-01,3.0,38.0,0.2962962962962963,0.0,37.0,0.0,1.0,56.0,0.18840579710144922,4.0,52.0,0.3157894736842105,44.0,0.5855448970961689,8,0.661818181818182,1.7334696345968468e-22,0.6540054584335706,5.407892387756837e-22,0.7065977758027538,9.067769547614921e-22,"ml.CRD_VIEWS_Admin0, ml.CRD_CFB_Admin0, ml.CRD_CAST_Admin1",20240916,/Repos/.internal/f7d5c3f00d_commits/d9e7b0b6c2be226b403d5af1ce8e7afaa2259fc2/conflictForecastingData/aggregate_Forecasts_Rank
LBN,Lebanon,2025-02-01,2024-07-01,30.3644,21.0,0.8900523560209423,0.4686,21.0,0.8894736842105263,2024-08-01,0.8755822452786708,38.0,0.7777777777777778,0.8762797730610227,25.0,0.8538011695906433,5.74116122485866,25.0,0.8538011695906433,2024-09-01,2.0,42.0,0.2222222222222222,716.0,4.0,0.8918918918918919,1.0,56.0,0.18840579710144922,719.0,6.0,0.9210526315789473,28.0,0.695928258550762,8,0.661818181818182,1.7334696345968468e-22,0.6540054584335706,5.407892387756837e-22,0.7065977758027538,9.067769547614921e-22,"ml.CRD_VIEWS_Admin0, ml.CRD_CFB_Admin0, ml.CRD_CAST_Admin1",20240916,/Repos/.internal/f7d5c3f00d_commits/d9e7b0b6c2be226b403d5af1ce8e7afaa2259fc2/conflictForecastingData/aggregate_Forecasts_Rank
JOR,Jordan,2024-08-01,2024-07-01,0.0496,69.0,0.6387434554973822,0.0028,66.0,0.383177570093458,,,,,,,,,,,,,,,,,,,,,,,,69.0,0.5109605127954201,2,1.0,4.114158325311742e-49,,,,,"ml.CRD_VIEWS_Admin0, ml.CRD_CFB_Admin0, ml.CRD_CAST_Admin1",20240916,/Repos/.internal/f7d5c3f00d_commits/d9e7b0b6c2be226b403d5af1ce8e7afaa2259fc2/conflictForecastingData/aggregate_Forecasts_Rank
IRN,"Iran, Islamic Republic of",2025-05-01,2024-07-01,4.5361,30.0,0.8429319371727748,0.0601,30.0,0.7887323943661972,2024-08-01,0.9505965958163244,10.0,0.9415204678362573,0.5160472939007079,39.0,0.7719298245614035,4.709364683128428,34.0,0.8011695906432749,,,,,,,,,,,,,,29.0,0.8292568429159815,5,0.8274747474747476,3.171224308070483e-34,0.7954338862690664,9.501565535972271e-32,,,"ml.CRD_VIEWS_Admin0, ml.CRD_CFB_Admin0, ml.CRD_CAST_Admin1",20240916,/Repos/.internal/f7d5c3f00d_commits/d9e7b0b6c2be226b403d5af1ce8e7afaa2259fc2/conflictForecastingData/aggregate_Forecasts_Rank
IRN,"Iran, Islamic Republic of",2024-08-01,2024-07-01,2.9985,30.0,0.8429319371727748,0.0317,30.0,0.719626168224299,,,,,,,,,,,,,,,,,,,,,,,,30.0,0.7812790526985369,2,1.0,4.114158325311742e-49,,,,,"ml.CRD_VIEWS_Admin0, ml.CRD_CFB_Admin0, ml.CRD_CAST_Admin1",20240916,/Repos/.internal/f7d5c3f00d_commits/d9e7b0b6c2be226b403d5af1ce8e7afaa2259fc2/conflictForecastingData/aggregate_Forecasts_Rank
LBN,Lebanon,2024-08-01,2024-07-01,27.2902,17.0,0.9109947643979057,0.5435,17.0,0.8411214953271028,,,,,,,,,,,,,,,,,,,,,,,,17.0,0.8760581298625043,2,1.0,4.114158325311742e-49,,,,,"ml.CRD_VIEWS_Admin0, ml.CRD_CFB_Admin0, ml.CRD_CAST_Admin1",20240916,/Repos/.internal/f7d5c3f00d_commits/d9e7b0b6c2be226b403d5af1ce8e7afaa2259fc2/conflictForecastingData/aggregate_Forecasts_Rank
LBN,Lebanon,2025-05-01,2024-07-01,24.7502,21.0,0.8900523560209423,0.4278,21.0,0.852112676056338,2024-08-01,0.8755822452786708,38.0,0.7777777777777778,0.8762797730610227,25.0,0.8538011695906433,5.74116122485866,25.0,0.8538011695906433,,,,,,,,,,,,,,26.0,0.845509029807269,5,0.8274747474747476,3.171224308070483e-34,0.7954338862690664,9.501565535972271e-32,,,"ml.CRD_VIEWS_Admin0, ml.CRD_CFB_Admin0, ml.CRD_CAST_Admin1",20240916,/Repos/.internal/f7d5c3f00d_commits/d9e7b0b6c2be226b403d5af1ce8e7afaa2259fc2/conflictForecastingData/aggregate_Forecasts_Rank
SYR,Syria,2024-08-01,2024-07-01,179.2526,9.0,0.9528795811518325,0.9726,9.0,0.9158878504672897,,,,,,,,,,,,,,,,,,,,,,,,9.0,0.9343837158095611,2,1.0,4.114158325311742e-49,,,,,"ml.CRD_VIEWS_Admin0, ml.CRD_CFB_Admin0, ml.CRD_CAST_Admin1",20240916,/Repos/.internal/f7d5c3f00d_commits/d9e7b0b6c2be226b403d5af1ce8e7afaa2259fc2/conflictForecastingData/aggregate_Forecasts_Rank
ISR,Israel,2024-08-01,2024-07-01,3614.0226,1.0,0.9947643979057592,0.9999,1.0,0.9906542056074766,,,,,,,,,,,,,,,,,,,,,,,,1.0,0.992709301756618,2,1.0,4.114158325311742e-49,,,,,"ml.CRD_VIEWS_Admin0, ml.CRD_CFB_Admin0, ml.CRD_CAST_Admin1",20240916,/Repos/.internal/f7d5c3f00d_commits/d9e7b0b6c2be226b403d5af1ce8e7afaa2259fc2/conflictForecastingData/aggregate_Forecasts_Rank
PSE,Occupied Palestinian territory,2025-05-01,,,,,,,,2024-08-01,0.9197047452054528,28.0,0.8362573099415205,0.9105968105445306,14.0,0.9181286549707602,9.707796123764584,2.0,0.9883040935672515,,,,,,,,,,,,,,15.0,0.9142300194931775,3,0.8274747474747476,3.171224308070483e-34,0.7954338862690664,9.501565535972271e-32,,,"ml.CRD_VIEWS_Admin0, ml.CRD_CFB_Admin0, ml.CRD_CAST_Admin1",20240916,/Repos/.internal/f7d5c3f00d_commits/d9e7b0b6c2be226b403d5af1ce8e7afaa2259fc2/conflictForecastingData/aggregate_Forecasts_Rank
ISR,Israel,2025-05-01,2024-07-01,195.7353,11.0,0.9424083769633508,0.9507,11.0,0.9225352112676056,2024-08-01,0.9197047452054528,28.0,0.8362573099415205,0.9105968105445306,14.0,0.9181286549707602,9.707796123764584,2.0,0.9883040935672515,,,,,,,,,,,,,,11.0,0.9215267293420977,5,0.8274747474747476,3.171224308070483e-34,0.7954338862690664,9.501565535972271e-32,,,"ml.CRD_VIEWS_Admin0, ml.CRD_CFB_Admin0, ml.CRD_CAST_Admin1",20240916,/Repos/.internal/f7d5c3f00d_commits/d9e7b0b6c2be226b403d5af1ce8e7afaa2259fc2/conflictForecastingData/aggregate_Forecasts_Rank
SYR,Syria,2025-05-01,2024-07-01,898.5973,1.0,0.9947643979057592,0.9954,1.0,0.9929577464788732,2024-08-01,0.945183257311568,15.0,0.9122807017543859,0.9201838865717192,10.0,0.9415204678362573,7.663737284154915,13.0,0.9239766081871346,,,,,,,,,,,,,,5.0,0.9530999844324821,5,0.8274747474747476,3.171224308070483e-34,0.7954338862690664,9.501565535972271e-32,,,"ml.CRD_VIEWS_Admin0, ml.CRD_CFB_Admin0, ml.CRD_CAST_Admin1",20240916,/Repos/.internal/f7d5c3f00d_commits/d9e7b0b6c2be226b403d5af1ce8e7afaa2259fc2/conflictForecastingData/aggregate_Forecasts_Rank
IRN,"Iran, Islamic Republic of",2024-11-01,2024-07-01,3.1922,32.0,0.8324607329842932,0.0354,32.0,0.7241379310344828,2024-08-01,0.8206236194009143,16.0,0.9064327485380117,0.1867907195917509,43.0,0.7485380116959064,2.666494183381272,36.0,0.7894736842105263,2024-09-01,3.0,38.0,0.28301886792452835,0.0,37.0,0.0,1.0,57.0,0.17391304347826086,4.0,51.0,0.32894736842105265,42.0,0.5572468774832512,8,0.7205496206905431,2.404100105290587e-26,0.6972421492289936,8.898179951816156e-25,0.6999259044004918,2.0709050175167634e-21,"ml.CRD_VIEWS_Admin0, ml.CRD_CFB_Admin0, ml.CRD_CAST_Admin1",20240916,/Repos/.internal/f7d5c3f00d_commits/d9e7b0b6c2be226b403d5af1ce8e7afaa2259fc2/conflictForecastingData/aggregate_Forecasts_Rank
PSE,Occupied Palestinian territory,2025-02-01,,,,,,,,2024-08-01,0.9197047452054528,28.0,0.8362573099415205,0.9105968105445306,14.0,0.9181286549707602,9.707796123764584,2.0,0.9883040935672515,2024-09-01,185.0,5.0,0.9074074074074074,990.0,3.0,0.9189189189189189,99.0,5.0,0.927536231884058,1274.0,3.0,0.9605263157894737,2.0,0.9160921027816528,6,0.661818181818182,1.7334696345968468e-22,0.6540054584335706,5.407892387756837e-22,0.7065977758027538,9.067769547614921e-22,"ml.CRD_VIEWS_Admin0, ml.CRD_CFB_Admin0, ml.CRD_CAST_Admin1",20240916,/Repos/.internal/f7d5c3f00d_commits/d9e7b0b6c2be226b403d5af1ce8e7afaa2259fc2/conflictForecastingData/aggregate_Forecasts_Rank
SYR,Syria,2025-02-01,2024-07-01,745.2378,2.0,0.9895287958115183,0.9923,2.0,0.9894736842105263,2024-08-01,0.945183257311568,15.0,0.9122807017543859,0.9201838865717192,10.0,0.9415204678362573,7.663737284154915,13.0,0.9239766081871346,2024-09-01,241.0,4.0,0.9259259259259259,511.0,5.0,0.8648648648648649,170.0,3.0,0.9565217391304348,922.0,4.0,0.9473684210526316,1.0,0.9380115984651309,8,0.661818181818182,1.7334696345968468e-22,0.6540054584335706,5.407892387756837e-22,0.7065977758027538,9.067769547614921e-22,"ml.CRD_VIEWS_Admin0, ml.CRD_CFB_Admin0, ml.CRD_CAST_Admin1",20240916,/Repos/.internal/f7d5c3f00d_commits/d9e7b0b6c2be226b403d5af1ce8e7afaa2259fc2/conflictForecastingData/aggregate_Forecasts_Rank
LBN,Lebanon,2024-11-01,2024-07-01,34.0882,19.0,0.9005235602094241,0.5242,19.0,0.8362068965517242,2024-08-01,0.7508537692593668,35.0,0.7953216374269005,0.6321793839916783,23.0,0.8654970760233918,4.035812030073697,26.0,0.847953216374269,2024-09-01,2.0,42.0,0.2075471698113207,710.0,4.0,0.8918918918918919,2.0,51.0,0.26086956521739135,714.0,6.0,0.9210526315789473,26.0,0.7007263766882892,8,0.7205496206905431,2.404100105290587e-26,0.6972421492289936,8.898179951816156e-25,0.6999259044004918,2.0709050175167634e-21,"ml.CRD_VIEWS_Admin0, ml.CRD_CFB_Admin0, ml.CRD_CAST_Admin1",20240916,/Repos/.internal/f7d5c3f00d_commits/d9e7b0b6c2be226b403d5af1ce8e7afaa2259fc2/conflictForecastingData/aggregate_Forecasts_Rank
JOR,Jordan,2024-09-01,2024-07-01,0.0608,70.0,0.6335078534031413,0.0032,68.0,0.26881720430107525,2024-08-01,0.174422560156813,77.0,0.5497076023391814,0.0467561448706562,69.0,0.5964912280701755,0.2527530509248829,78.0,0.543859649122807,2024-09-01,1.0,45.0,0.15094339622641506,0.0,37.0,0.0,0.0,69.0,0.0,1.0,63.0,0.17105263157894735,92.0,0.3429158666828494,8,0.7454545454545456,4.304838523456892e-28,0.7235074286841572,1.4890513506343626e-26,0.6967801699986919,3.118090425232399e-21,"ml.CRD_VIEWS_Admin0, ml.CRD_CFB_Admin0, ml.CRD_CAST_Admin1",20240916,/Repos/.internal/f7d5c3f00d_commits/d9e7b0b6c2be226b403d5af1ce8e7afaa2259fc2/conflictForecastingData/aggregate_Forecasts_Rank
ISR,Israel,2024-11-01,2024-07-01,2896.0485,2.0,0.9895287958115183,0.9992,2.0,0.9827586206896551,2024-08-01,0.8080209799317729,20.0,0.8830409356725146,0.6973249361045676,8.0,0.9532163742690059,8.600385640323005,2.0,0.9883040935672515,2024-09-01,14.0,28.0,0.4716981132075472,202.0,8.0,0.7837837837837838,9.0,38.0,0.4492753623188406,225.0,12.0,0.8421052631578947,17.0,0.8127007599150147,8,0.7205496206905431,2.404100105290587e-26,0.6972421492289936,8.898179951816156e-25,0.6999259044004918,2.0709050175167634e-21,"ml.CRD_VIEWS_Admin0, ml.CRD_CFB_Admin0, ml.CRD_CAST_Admin1",20240916,/Repos/.internal/f7d5c3f00d_commits/d9e7b0b6c2be226b403d5af1ce8e7afaa2259fc2/conflictForecastingData/aggregate_Forecasts_Rank
IRN,"Iran, Islamic Republic of",2024-09-01,2024-07-01,3.1376,33.0,0.8272251308900523,0.0332,33.0,0.6451612903225806,2024-08-01,0.8206236194009143,16.0,0.9064327485380117,0.1867907195917509,43.0,0.7485380116959064,2.666494183381272,36.0,0.7894736842105263,2024-09-01,3.0,39.0,0.26415094339622647,0.0,37.0,0.0,1.0,56.0,0.18840579710144922,4.0,52.0,0.3157894736842105,42.0,0.5461734507693441,8,0.7454545454545456,4.304838523456892e-28,0.7235074286841572,1.4890513506343626e-26,0.6967801699986919,3.118090425232399e-21,"ml.CRD_VIEWS_Admin0, ml.CRD_CFB_Admin0, ml.CRD_CAST_Admin1",20240916,/Repos/.internal/f7d5c3f00d_commits/d9e7b0b6c2be226b403d5af1ce8e7afaa2259fc2/conflictForecastingData/aggregate_Forecasts_Rank
LBN,Lebanon,2024-09-01,2024-07-01,32.4731,17.0,0.9109947643979057,0.5681,17.0,0.8172043010752688,2024-08-01,0.7508537692593668,35.0,0.7953216374269005,0.6321793839916783,23.0,0.8654970760233918,4.035812030073697,26.0,0.847953216374269,2024-09-01,2.0,43.0,0.18867924528301883,710.0,4.0,0.8918918918918919,1.0,56.0,0.18840579710144922,713.0,6.0,0.9210526315789473,26.0,0.688243491196762,8,0.7454545454545456,4.304838523456892e-28,0.7235074286841572,1.4890513506343626e-26,0.6967801699986919,3.118090425232399e-21,"ml.CRD_VIEWS_Admin0, ml.CRD_CFB_Admin0, ml.CRD_CAST_Admin1",20240916,/Repos/.internal/f7d5c3f00d_commits/d9e7b0b6c2be226b403d5af1ce8e7afaa2259fc2/conflictForecastingData/aggregate_Forecasts_Rank
ISR,Israel,2024-09-01,2024-07-01,7007.2017,2.0,0.9895287958115183,0.9999,2.0,0.978494623655914,2024-08-01,0.8080209799317729,20.0,0.8830409356725146,0.6973249361045676,8.0,0.9532163742690059,8.600385640323005,2.0,0.9883040935672515,2024-09-01,7.0,32.0,0.39622641509433965,194.0,8.0,0.7837837837837838,7.0,42.0,0.3913043478260869,208.0,14.0,0.8157894736842105,19.0,0.7954874212100519,8,0.7454545454545456,4.304838523456892e-28,0.7235074286841572,1.4890513506343626e-26,0.6967801699986919,3.118090425232399e-21,"ml.CRD_VIEWS_Admin0, ml.CRD_CFB_Admin0, ml.CRD_CAST_Admin1",20240916,/Repos/.internal/f7d5c3f00d_commits/d9e7b0b6c2be226b403d5af1ce8e7afaa2259fc2/conflictForecastingData/aggregate_Forecasts_Rank
PSE,Occupied Palestinian territory,2024-09-01,,,,,,,,2024-08-01,0.8080209799317729,20.0,0.8830409356725146,0.6973249361045676,8.0,0.9532163742690059,8.600385640323005,2.0,0.9883040935672515,2024-09-01,185.0,5.0,0.9056603773584906,990.0,3.0,0.9189189189189189,97.0,5.0,0.927536231884058,1272.0,3.0,0.9605263157894737,2.0,0.9294461552783733,6,0.7454545454545456,4.304838523456892e-28,0.7235074286841572,1.4890513506343626e-26,0.6967801699986919,3.118090425232399e-21,"ml.CRD_VIEWS_Admin0, ml.CRD_CFB_Admin0, ml.CRD_CAST_Admin1",20240916,/Repos/.internal/f7d5c3f00d_commits/d9e7b0b6c2be226b403d5af1ce8e7afaa2259fc2/conflictForecastingData/aggregate_Forecasts_Rank
SYR,Syria,2024-09-01,2024-07-01,245.1426,9.0,0.9528795811518325,0.9771,9.0,0.9032258064516129,2024-08-01,0.85081124288244,6.0,0.9649122807017544,0.7072807626470525,3.0,0.9824561403508771,6.08906721127838,13.0,0.9239766081871346,2024-09-01,254.0,4.0,0.9245283018867925,517.0,5.0,0.8648648648648649,173.0,3.0,0.9565217391304348,944.0,4.0,0.9473684210526316,1.0,0.934170665340663,8,0.7454545454545456,4.304838523456892e-28,0.7235074286841572,1.4890513506343626e-26,0.6967801699986919,3.118090425232399e-21,"ml.CRD_VIEWS_Admin0, ml.CRD_CFB_Admin0, ml.CRD_CAST_Admin1",20240916,/Repos/.internal/f7d5c3f00d_commits/d9e7b0b6c2be226b403d5af1ce8e7afaa2259fc2/conflictForecastingData/aggregate_Forecasts_Rank
JOR,Jordan,2024-10-01,2024-07-01,0.0843,67.0,0.6492146596858639,0.004,67.0,0.5503355704697986,2024-08-01,0.174422560156813,77.0,0.5497076023391814,0.0467561448706562,69.0,0.5964912280701755,0.2527530509248829,78.0,0.543859649122807,2024-09-01,1.0,45.0,0.15094339622641506,0.0,37.0,0.0,0.0,70.0,0.0,1.0,64.0,0.1578947368421053,96.0,0.38006901323928016,8,0.6944135806722838,1.3701127264717408e-24,0.6956258243394451,1.1389640229010162e-24,0.7016455274005772,1.6068899014535398e-21,"ml.CRD_VIEWS_Admin0, ml.CRD_CFB_Admin0, ml.CRD_CAST_Admin1",20240916,/Repos/.internal/f7d5c3f00d_commits/d9e7b0b6c2be226b403d5af1ce8e7afaa2259fc2/conflictForecastingData/aggregate_Forecasts_Rank
IRN,"Iran, Islamic Republic of",2024-10-01,2024-07-01,2.9091,32.0,0.8324607329842932,0.0332,32.0,0.785234899328859,2024-08-01,0.8206236194009143,16.0,0.9064327485380117,0.1867907195917509,43.0,0.7485380116959064,2.666494183381272,36.0,0.7894736842105263,2024-09-01,3.0,39.0,0.26415094339622647,0.0,37.0,0.0,1.0,58.0,0.17142857142857137,4.0,52.0,0.3157894736842105,45.0,0.5622149489477993,8,0.6944135806722838,1.3701127264717408e-24,0.6956258243394451,1.1389640229010162e-24,0.7016455274005772,1.6068899014535398e-21,"ml.CRD_VIEWS_Admin0, ml.CRD_CFB_Admin0, ml.CRD_CAST_Admin1",20240916,/Repos/.internal/f7d5c3f00d_commits/d9e7b0b6c2be226b403d5af1ce8e7afaa2259fc2/conflictForecastingData/aggregate_Forecasts_Rank
LBN,Lebanon,2024-10-01,2024-07-01,29.8422,17.0,0.9109947643979057,0.5201,17.0,0.8859060402684564,2024-08-01,0.7508537692593668,35.0,0.7953216374269005,0.6321793839916783,23.0,0.8654970760233918,4.035812030073697,26.0,0.847953216374269,2024-09-01,2.0,42.0,0.2075471698113207,818.0,4.0,0.8918918918918919,2.0,51.0,0.27142857142857146,822.0,5.0,0.9342105263157895,25.0,0.7095675459528384,8,0.6944135806722838,1.3701127264717408e-24,0.6956258243394451,1.1389640229010162e-24,0.7016455274005772,1.6068899014535398e-21,"ml.CRD_VIEWS_Admin0, ml.CRD_CFB_Admin0, ml.CRD_CAST_Admin1",20240916,/Repos/.internal/f7d5c3f00d_commits/d9e7b0b6c2be226b403d5af1ce8e7afaa2259fc2/conflictForecastingData/aggregate_Forecasts_Rank
ISR,Israel,2024-10-01,2024-07-01,8209.7829,2.0,0.9895287958115183,0.9999,2.0,0.9865771812080537,2024-08-01,0.8080209799317729,20.0,0.8830409356725146,0.6973249361045676,8.0,0.9532163742690059,8.600385640323005,2.0,0.9883040935672515,2024-09-01,42.0,17.0,0.679245283018868,329.0,7.0,0.8108108108108107,35.0,15.0,0.7857142857142857,406.0,10.0,0.868421052631579,6.0,0.8845547200090386,8,0.6944135806722838,1.3701127264717408e-24,0.6956258243394451,1.1389640229010162e-24,0.7016455274005772,1.6068899014535398e-21,"ml.CRD_VIEWS_Admin0, ml.CRD_CFB_Admin0, ml.CRD_CAST_Admin1",20240916,/Repos/.internal/f7d5c3f00d_commits/d9e7b0b6c2be226b403d5af1ce8e7afaa2259fc2/conflictForecastingData/aggregate_Forecasts_Rank
PSE,Occupied Palestinian territory,2024-10-01,,,,,,,,2024-08-01,0.8080209799317729,20.0,0.8830409356725146,0.6973249361045676,8.0,0.9532163742690059,8.600385640323005,2.0,0.9883040935672515,2024-09-01,223.0,5.0,0.9056603773584906,988.0,3.0,0.9189189189189189,134.0,4.0,0.9428571428571428,1345.0,3.0,0.9605263157894737,2.0,0.9319996404405541,6,0.6944135806722838,1.3701127264717408e-24,0.6956258243394451,1.1389640229010162e-24,0.7016455274005772,1.6068899014535398e-21,"ml.CRD_VIEWS_Admin0, ml.CRD_CFB_Admin0, ml.CRD_CAST_Admin1",20240916,/Repos/.internal/f7d5c3f00d_commits/d9e7b0b6c2be226b403d5af1ce8e7afaa2259fc2/conflictForecastingData/aggregate_Forecasts_Rank
SYR,Syria,2024-10-01,2024-07-01,207.1407,9.0,0.9528795811518325,0.9635,9.0,0.9395973154362416,2024-08-01,0.85081124288244,6.0,0.9649122807017544,0.7072807626470525,3.0,0.9824561403508771,6.08906721127838,13.0,0.9239766081871346,2024-09-01,241.0,4.0,0.9245283018867925,569.0,5.0,0.8648648648648649,170.0,3.0,0.9571428571428572,980.0,4.0,0.9473684210526316,1.0,0.9387947437152944,8,0.6944135806722838,1.3701127264717408e-24,0.6956258243394451,1.1389640229010162e-24,0.7016455274005772,1.6068899014535398e-21,"ml.CRD_VIEWS_Admin0, ml.CRD_CFB_Admin0, ml.CRD_CAST_Admin1",20240916,/Repos/.internal/f7d5c3f00d_commits/d9e7b0b6c2be226b403d5af1ce8e7afaa2259fc2/conflictForecastingData/aggregate_Forecasts_Rank
PSE,Occupied Palestinian territory,2024-11-01,,,,,,,,2024-08-01,0.8080209799317729,20.0,0.8830409356725146,0.6973249361045676,8.0,0.9532163742690059,8.600385640323005,2.0,0.9883040935672515,2024-09-01,223.0,5.0,0.9056603773584906,988.0,3.0,0.9189189189189189,112.0,5.0,0.927536231884058,1323.0,3.0,0.9605263157894737,2.0,0.9294461552783733,6,0.7205496206905431,2.404100105290587e-26,0.6972421492289936,8.898179951816156e-25,0.6999259044004918,2.0709050175167634e-21,"ml.CRD_VIEWS_Admin0, ml.CRD_CFB_Admin0, ml.CRD_CAST_Admin1",20240916,/Repos/.internal/f7d5c3f00d_commits/d9e7b0b6c2be226b403d5af1ce8e7afaa2259fc2/conflictForecastingData/aggregate_Forecasts_Rank
SYR,Syria,2024-11-01,2024-07-01,335.2783,9.0,0.9528795811518325,0.9763,9.0,0.9224137931034483,2024-08-01,0.85081124288244,6.0,0.9649122807017544,0.7072807626470525,3.0,0.9824561403508771,6.08906721127838,13.0,0.9239766081871346,2024-09-01,241.0,4.0,0.9245283018867925,523.0,5.0,0.8648648648648649,172.0,3.0,0.9565217391304348,936.0,4.0,0.9473684210526316,1.0,0.9365691636721424,8,0.7205496206905431,2.404100105290587e-26,0.6972421492289936,8.898179951816156e-25,0.6999259044004918,2.0709050175167634e-21,"ml.CRD_VIEWS_Admin0, ml.CRD_CFB_Admin0, ml.CRD_CAST_Admin1",20240916,/Repos/.internal/f7d5c3f00d_commits/d9e7b0b6c2be226b403d5af1ce8e7afaa2259fc2/conflictForecastingData/aggregate_Forecasts_Rank
JOR,Jordan,2025-06-01,2024-07-01,0.1797,69.0,0.6387434554973822,0.007,68.0,0.6421052631578947,2024-08-01,0.4280060995494487,75.0,0.5614035087719298,0.1748448598511496,63.0,0.631578947368421,0.9882260517706162,76.0,0.5555555555555556,,,,,,,,,,,,,,67.0,0.6058773460702366,5,0.8004040404040406,3.9357773073243696e-32,0.7974542923810021,6.681410893388673e-32,,,"ml.CRD_VIEWS_Admin0, ml.CRD_CFB_Admin0, ml.CRD_CAST_Admin1",20240916,/Repos/.internal/f7d5c3f00d_commits/d9e7b0b6c2be226b403d5af1ce8e7afaa2259fc2/conflictForecastingData/aggregate_Forecasts_Rank
IRN,"Iran, Islamic Republic of",2025-06-01,2024-07-01,3.0107,33.0,0.8272251308900523,0.0452,33.0,0.8263157894736842,2024-08-01,0.9505965958163244,10.0,0.9415204678362573,0.5160472939007079,39.0,0.7719298245614035,4.709364683128428,34.0,0.8011695906432749,,,,,,,,,,,,,,29.0,0.8336321606809344,5,0.8004040404040406,3.9357773073243696e-32,0.7974542923810021,6.681410893388673e-32,,,"ml.CRD_VIEWS_Admin0, ml.CRD_CFB_Admin0, ml.CRD_CAST_Admin1",20240916,/Repos/.internal/f7d5c3f00d_commits/d9e7b0b6c2be226b403d5af1ce8e7afaa2259fc2/conflictForecastingData/aggregate_Forecasts_Rank
LBN,Lebanon,2025-06-01,2024-07-01,24.9479,21.0,0.8900523560209423,0.4642,21.0,0.8894736842105263,2024-08-01,0.8755822452786708,38.0,0.7777777777777778,0.8762797730610227,25.0,0.8538011695906433,5.74116122485866,25.0,0.8538011695906433,,,,,,,,,,,,,,26.0,0.8529812314381067,5,0.8004040404040406,3.9357773073243696e-32,0.7974542923810021,6.681410893388673e-32,,,"ml.CRD_VIEWS_Admin0, ml.CRD_CFB_Admin0, ml.CRD_CAST_Admin1",20240916,/Repos/.internal/f7d5c3f00d_commits/d9e7b0b6c2be226b403d5af1ce8e7afaa2259fc2/conflictForecastingData/aggregate_Forecasts_Rank
PSE,Occupied Palestinian territory,2025-06-01,,,,,,,,2024-08-01,0.9197047452054528,28.0,0.8362573099415205,0.9105968105445306,14.0,0.9181286549707602,9.707796123764584,2.0,0.9883040935672515,,,,,,,,,,,,,,15.0,0.9142300194931775,3,0.8004040404040406,3.9357773073243696e-32,0.7974542923810021,6.681410893388673e-32,,,"ml.CRD_VIEWS_Admin0, ml.CRD_CFB_Admin0, ml.CRD_CAST_Admin1",20240916,/Repos/.internal/f7d5c3f00d_commits/d9e7b0b6c2be226b403d5af1ce8e7afaa2259fc2/conflictForecastingData/aggregate_Forecasts_Rank
ISR,Israel,2025-06-01,2024-07-01,342.1845,7.0,0.9633507853403142,0.9798,7.0,0.9631578947368421,2024-08-01,0.9197047452054528,28.0,0.8362573099415205,0.9105968105445306,14.0,0.9181286549707602,9.707796123764584,2.0,0.9883040935672515,,,,,,,,,,,,,,9.0,0.9338397477113377,5,0.8004040404040406,3.9357773073243696e-32,0.7974542923810021,6.681410893388673e-32,,,"ml.CRD_VIEWS_Admin0, ml.CRD_CFB_Admin0, ml.CRD_CAST_Admin1",20240916,/Repos/.internal/f7d5c3f00d_commits/d9e7b0b6c2be226b403d5af1ce8e7afaa2259fc2/conflictForecastingData/aggregate_Forecasts_Rank
SYR,Syria,2025-06-01,2024-07-01,949.5878,1.0,0.9947643979057592,0.9958,1.0,0.9947368421052631,2024-08-01,0.945183257311568,15.0,0.9122807017543859,0.9201838865717192,10.0,0.9415204678362573,7.663737284154915,13.0,0.9239766081871346,,,,,,,,,,,,,,5.0,0.95345580355776,5,0.8004040404040406,3.9357773073243696e-32,0.7974542923810021,6.681410893388673e-32,,,"ml.CRD_VIEWS_Admin0, ml.CRD_CFB_Admin0, ml.CRD_CAST_Admin1",20240916,/Repos/.internal/f7d5c3f00d_commits/d9e7b0b6c2be226b403d5af1ce8e7afaa2259fc2/conflictForecastingData/aggregate_Forecasts_Rank
JOR,Jordan,2025-03-01,2024-07-01,0.1494,66.0,0.6544502617801047,0.0053,63.0,0.55,2024-08-01,0.4280060995494487,75.0,0.5614035087719298,0.1748448598511496,63.0,0.631578947368421,0.9882260517706162,76.0,0.5555555555555556,,,,,,,,,,,,,,65.0,0.5905976546952022,5,0.8052525252525253,1.6790792215460675e-32,0.7865440993765495,4.427208593750026e-31,,,"ml.CRD_VIEWS_Admin0, ml.CRD_CFB_Admin0, ml.CRD_CAST_Admin1",20240916,/Repos/.internal/f7d5c3f00d_commits/d9e7b0b6c2be226b403d5af1ce8e7afaa2259fc2/conflictForecastingData/aggregate_Forecasts_Rank
ISR,Israel,2025-03-01,2024-07-01,695.2178,2.0,0.9895287958115183,0.9941,2.0,0.9857142857142858,2024-08-01,0.9197047452054528,28.0,0.8362573099415205,0.9105968105445306,14.0,0.9181286549707602,9.707796123764584,2.0,0.9883040935672515,,,,,,,,,,,,,,7.0,0.9435866280010673,5,0.8052525252525253,1.6790792215460675e-32,0.7865440993765495,4.427208593750026e-31,,,"ml.CRD_VIEWS_Admin0, ml.CRD_CFB_Admin0, ml.CRD_CAST_Admin1",20240916,/Repos/.internal/f7d5c3f00d_commits/d9e7b0b6c2be226b403d5af1ce8e7afaa2259fc2/conflictForecastingData/aggregate_Forecasts_Rank
IRN,"Iran, Islamic Republic of",2025-03-01,2024-07-01,3.7965,33.0,0.8272251308900523,0.0506,33.0,0.7642857142857142,2024-08-01,0.9505965958163244,10.0,0.9415204678362573,0.5160472939007079,39.0,0.7719298245614035,4.709364683128428,34.0,0.8011695906432749,,,,,,,,,,,,,,29.0,0.8212261456433405,5,0.8052525252525253,1.6790792215460675e-32,0.7865440993765495,4.427208593750026e-31,,,"ml.CRD_VIEWS_Admin0, ml.CRD_CFB_Admin0, ml.CRD_CAST_Admin1",20240916,/Repos/.internal/f7d5c3f00d_commits/d9e7b0b6c2be226b403d5af1ce8e7afaa2259fc2/conflictForecastingData/aggregate_Forecasts_Rank
LBN,Lebanon,2025-03-01,2024-07-01,21.5661,21.0,0.8900523560209423,0.3963,21.0,0.85,2024-08-01,0.8755822452786708,38.0,0.7777777777777778,0.8762797730610227,25.0,0.8538011695906433,5.74116122485866,25.0,0.8538011695906433,,,,,,,,,,,,,,25.0,0.8450864945960014,5,0.8052525252525253,1.6790792215460675e-32,0.7865440993765495,4.427208593750026e-31,,,"ml.CRD_VIEWS_Admin0, ml.CRD_CFB_Admin0, ml.CRD_CAST_Admin1",20240916,/Repos/.internal/f7d5c3f00d_commits/d9e7b0b6c2be226b403d5af1ce8e7afaa2259fc2/conflictForecastingData/aggregate_Forecasts_Rank
PSE,Occupied Palestinian territory,2025-03-01,,,,,,,,2024-08-01,0.9197047452054528,28.0,0.8362573099415205,0.9105968105445306,14.0,0.9181286549707602,9.707796123764584,2.0,0.9883040935672515,,,,,,,,,,,,,,15.0,0.9142300194931775,3,0.8052525252525253,1.6790792215460675e-32,0.7865440993765495,4.427208593750026e-31,,,"ml.CRD_VIEWS_Admin0, ml.CRD_CFB_Admin0, ml.CRD_CAST_Admin1",20240916,/Repos/.internal/f7d5c3f00d_commits/d9e7b0b6c2be226b403d5af1ce8e7afaa2259fc2/conflictForecastingData/aggregate_Forecasts_Rank
JOR,Jordan,2025-07-01,2024-07-01,0.1866,67.0,0.6492146596858639,0.0072,66.0,0.5686274509803921,2024-08-01,0.4280060995494487,75.0,0.5614035087719298,0.1748448598511496,63.0,0.631578947368421,0.9882260517706162,76.0,0.5555555555555556,,,,,,,,,,,,,,65.0,0.5932760244724324,5,0.8059399980511318,1.507987133142727e-32,0.7768461500392583,2.3269027762641388e-30,,,"ml.CRD_VIEWS_Admin0, ml.CRD_CFB_Admin0, ml.CRD_CAST_Admin1",20240916,/Repos/.internal/f7d5c3f00d_commits/d9e7b0b6c2be226b403d5af1ce8e7afaa2259fc2/conflictForecastingData/aggregate_Forecasts_Rank
PSE,Occupied Palestinian territory,2024-12-01,,,,,,,,2024-08-01,0.9197047452054528,28.0,0.8362573099415205,0.9105968105445306,14.0,0.9181286549707602,9.707796123764584,2.0,0.9883040935672515,2024-09-01,223.0,5.0,0.9056603773584906,988.0,3.0,0.9189189189189189,106.0,5.0,0.927536231884058,1317.0,3.0,0.9605263157894737,2.0,0.9158009311068334,6,0.7310567940713362,4.5216469231798645e-27,0.6956258243394451,1.1389640229010162e-24,0.7030716388022918,1.372928562120445e-21,"ml.CRD_VIEWS_Admin0, ml.CRD_CFB_Admin0, ml.CRD_CAST_Admin1",20240916,/Repos/.internal/f7d5c3f00d_commits/d9e7b0b6c2be226b403d5af1ce8e7afaa2259fc2/conflictForecastingData/aggregate_Forecasts_Rank
SYR,Syria,2024-12-01,2024-07-01,428.8749,5.0,0.9738219895287958,0.9874,5.0,0.9509803921568627,2024-08-01,0.945183257311568,15.0,0.9122807017543859,0.9201838865717192,10.0,0.9415204678362573,7.663737284154915,13.0,0.9239766081871346,2024-09-01,241.0,4.0,0.9245283018867925,532.0,5.0,0.8648648648648649,172.0,3.0,0.9565217391304348,945.0,4.0,0.9473684210526316,1.0,0.931061883168191,8,0.7310567940713362,4.5216469231798645e-27,0.6956258243394451,1.1389640229010162e-24,0.7030716388022918,1.372928562120445e-21,"ml.CRD_VIEWS_Admin0, ml.CRD_CFB_Admin0, ml.CRD_CAST_Admin1",20240916,/Repos/.internal/f7d5c3f00d_commits/d9e7b0b6c2be226b403d5af1ce8e7afaa2259fc2/conflictForecastingData/aggregate_Forecasts_Rank
SYR,Syria,2025-03-01,2024-07-01,762.9998,1.0,0.9947643979057592,0.9949,1.0,0.9928571428571429,2024-08-01,0.945183257311568,15.0,0.9122807017543859,0.9201838865717192,10.0,0.9415204678362573,7.663737284154915,13.0,0.9239766081871346,,,,,,,,,,,,,,5.0,0.9530798637081361,5,0.8052525252525253,1.6790792215460675e-32,0.7865440993765495,4.427208593750026e-31,,,"ml.CRD_VIEWS_Admin0, ml.CRD_CFB_Admin0, ml.CRD_CAST_Admin1",20240916,/Repos/.internal/f7d5c3f00d_commits/d9e7b0b6c2be226b403d5af1ce8e7afaa2259fc2/conflictForecastingData/aggregate_Forecasts_Rank
JOR,Jordan,2024-12-01,2024-07-01,0.1034,67.0,0.6492146596858639,0.0043,65.0,0.36274509803921573,2024-08-01,0.4280060995494487,75.0,0.5614035087719298,0.1748448598511496,63.0,0.631578947368421,0.9882260517706162,76.0,0.5555555555555556,2024-09-01,1.0,45.0,0.15094339622641506,0.0,37.0,0.0,0.0,69.0,0.0,1.0,63.0,0.17105263157894735,86.0,0.3639301457059251,8,0.7310567940713362,4.5216469231798645e-27,0.6956258243394451,1.1389640229010162e-24,0.7030716388022918,1.372928562120445e-21,"ml.CRD_VIEWS_Admin0, ml.CRD_CFB_Admin0, ml.CRD_CAST_Admin1",20240916,/Repos/.internal/f7d5c3f00d_commits/d9e7b0b6c2be226b403d5af1ce8e7afaa2259fc2/conflictForecastingData/aggregate_Forecasts_Rank
IRN,"Iran, Islamic Republic of",2024-12-01,2024-07-01,2.8614,35.0,0.8167539267015707,0.0325,35.0,0.6568627450980392,2024-08-01,0.9505965958163244,10.0,0.9415204678362573,0.5160472939007079,39.0,0.7719298245614035,4.709364683128428,34.0,0.8011695906432749,2024-09-01,3.0,39.0,0.26415094339622647,0.0,37.0,0.0,1.0,57.0,0.17391304347826086,4.0,52.0,0.3157894736842105,43.0,0.5532875677143791,8,0.7310567940713362,4.5216469231798645e-27,0.6956258243394451,1.1389640229010162e-24,0.7030716388022918,1.372928562120445e-21,"ml.CRD_VIEWS_Admin0, ml.CRD_CFB_Admin0, ml.CRD_CAST_Admin1",20240916,/Repos/.internal/f7d5c3f00d_commits/d9e7b0b6c2be226b403d5af1ce8e7afaa2259fc2/conflictForecastingData/aggregate_Forecasts_Rank
LBN,Lebanon,2024-12-01,2024-07-01,31.7436,20.0,0.8952879581151832,0.5305,20.0,0.803921568627451,2024-08-01,0.8755822452786708,38.0,0.7777777777777778,0.8762797730610227,25.0,0.8538011695906433,5.74116122485866,25.0,0.8538011695906433,2024-09-01,2.0,42.0,0.2075471698113207,710.0,4.0,0.8918918918918919,2.0,51.0,0.26086956521739135,714.0,6.0,0.9210526315789473,26.0,0.6931122838277879,8,0.7310567940713362,4.5216469231798645e-27,0.6956258243394451,1.1389640229010162e-24,0.7030716388022918,1.372928562120445e-21,"ml.CRD_VIEWS_Admin0, ml.CRD_CFB_Admin0, ml.CRD_CAST_Admin1",20240916,/Repos/.internal/f7d5c3f00d_commits/d9e7b0b6c2be226b403d5af1ce8e7afaa2259fc2/conflictForecastingData/aggregate_Forecasts_Rank
ISR,Israel,2024-12-01,2024-07-01,1495.0435,1.0,0.9947643979057592,0.9983,1.0,0.9901960784313726,2024-08-01,0.9197047452054528,28.0,0.8362573099415205,0.9105968105445306,14.0,0.9181286549707602,9.707796123764584,2.0,0.9883040935672515,2024-09-01,18.0,25.0,0.5283018867924528,208.0,8.0,0.7837837837837838,7.0,42.0,0.3913043478260869,233.0,12.0,0.8421052631578947,17.0,0.8038800691523734,8,0.7310567940713362,4.5216469231798645e-27,0.6956258243394451,1.1389640229010162e-24,0.7030716388022918,1.372928562120445e-21,"ml.CRD_VIEWS_Admin0, ml.CRD_CFB_Admin0, ml.CRD_CAST_Admin1",20240916,/Repos/.internal/f7d5c3f00d_commits/d9e7b0b6c2be226b403d5af1ce8e7afaa2259fc2/conflictForecastingData/aggregate_Forecasts_Rank
IRN,"Iran, Islamic Republic of",2025-07-01,2024-07-01,3.9972,30.0,0.8429319371727748,0.0652,30.0,0.803921568627451,2024-08-01,0.9505965958163244,10.0,0.9415204678362573,0.5160472939007079,39.0,0.7719298245614035,4.709364683128428,34.0,0.8011695906432749,,,,,,,,,,,,,,28.0,0.8322946777682322,5,0.8059399980511318,1.507987133142727e-32,0.7768461500392583,2.3269027762641388e-30,,,"ml.CRD_VIEWS_Admin0, ml.CRD_CFB_Admin0, ml.CRD_CAST_Admin1",20240916,/Repos/.internal/f7d5c3f00d_commits/d9e7b0b6c2be226b403d5af1ce8e7afaa2259fc2/conflictForecastingData/aggregate_Forecasts_Rank
ISR,Israel,2025-07-01,2024-07-01,260.9398,9.0,0.9528795811518325,0.9731,9.0,0.9411764705882353,2024-08-01,0.9197047452054528,28.0,0.8362573099415205,0.9105968105445306,14.0,0.9181286549707602,9.707796123764584,2.0,0.9883040935672515,,,,,,,,,,,,,,10.0,0.92734922204392,5,0.8059399980511318,1.507987133142727e-32,0.7768461500392583,2.3269027762641388e-30,,,"ml.CRD_VIEWS_Admin0, ml.CRD_CFB_Admin0, ml.CRD_CAST_Admin1",20240916,/Repos/.internal/f7d5c3f00d_commits/d9e7b0b6c2be226b403d5af1ce8e7afaa2259fc2/conflictForecastingData/aggregate_Forecasts_Rank
SYR,Syria,2025-07-01,2024-07-01,826.9839,1.0,0.9947643979057592,0.9955,1.0,0.9934640522875817,2024-08-01,0.945183257311568,15.0,0.9122807017543859,0.9201838865717192,10.0,0.9415204678362573,7.663737284154915,13.0,0.9239766081871346,,,,,,,,,,,,,,4.0,0.9532012455942237,5,0.8059399980511318,1.507987133142727e-32,0.7768461500392583,2.3269027762641388e-30,,,"ml.CRD_VIEWS_Admin0, ml.CRD_CFB_Admin0, ml.CRD_CAST_Admin1",20240916,/Repos/.internal/f7d5c3f00d_commits/d9e7b0b6c2be226b403d5af1ce8e7afaa2259fc2/conflictForecastingData/aggregate_Forecasts_Rank
LBN,Lebanon,2025-04-01,2024-07-01,20.3585,23.0,0.8795811518324608,0.3526,23.0,0.8700564971751412,2024-08-01,0.8755822452786708,38.0,0.7777777777777778,0.8762797730610227,25.0,0.8538011695906433,5.74116122485866,25.0,0.8538011695906433,,,,,,,,,,,,,,26.0,0.8470035531933334,5,0.791919191919192,1.7264642683944514e-31,0.7877563430437109,3.592770103664e-31,,,"ml.CRD_VIEWS_Admin0, ml.CRD_CFB_Admin0, ml.CRD_CAST_Admin1",20240916,/Repos/.internal/f7d5c3f00d_commits/d9e7b0b6c2be226b403d5af1ce8e7afaa2259fc2/conflictForecastingData/aggregate_Forecasts_Rank
LBN,Lebanon,2025-07-01,2024-07-01,26.0562,20.0,0.8952879581151832,0.5009,20.0,0.869281045751634,2024-08-01,0.8755822452786708,38.0,0.7777777777777778,0.8762797730610227,25.0,0.8538011695906433,5.74116122485866,25.0,0.8538011695906433,,,,,,,,,,,,,,25.0,0.8499898241651763,5,0.8059399980511318,1.507987133142727e-32,0.7768461500392583,2.3269027762641388e-30,,,"ml.CRD_VIEWS_Admin0, ml.CRD_CFB_Admin0, ml.CRD_CAST_Admin1",20240916,/Repos/.internal/f7d5c3f00d_commits/d9e7b0b6c2be226b403d5af1ce8e7afaa2259fc2/conflictForecastingData/aggregate_Forecasts_Rank
PSE,Occupied Palestinian territory,2025-07-01,,,,,,,,2024-08-01,0.9197047452054528,28.0,0.8362573099415205,0.9105968105445306,14.0,0.9181286549707602,9.707796123764584,2.0,0.9883040935672515,,,,,,,,,,,,,,15.0,0.9142300194931775,3,0.8059399980511318,1.507987133142727e-32,0.7768461500392583,2.3269027762641388e-30,,,"ml.CRD_VIEWS_Admin0, ml.CRD_CFB_Admin0, ml.CRD_CAST_Admin1",20240916,/Repos/.internal/f7d5c3f00d_commits/d9e7b0b6c2be226b403d5af1ce8e7afaa2259fc2/conflictForecastingData/aggregate_Forecasts_Rank
JOR,Jordan,2025-04-01,2024-07-01,0.1193,75.0,0.6073298429319371,0.0048,75.0,0.576271186440678,2024-08-01,0.4280060995494487,75.0,0.5614035087719298,0.1748448598511496,63.0,0.631578947368421,0.9882260517706162,76.0,0.5555555555555556,,,,,,,,,,,,,,68.0,0.5864278082137042,5,0.791919191919192,1.7264642683944514e-31,0.7877563430437109,3.592770103664e-31,,,"ml.CRD_VIEWS_Admin0, ml.CRD_CFB_Admin0, ml.CRD_CAST_Admin1",20240916,/Repos/.internal/f7d5c3f00d_commits/d9e7b0b6c2be226b403d5af1ce8e7afaa2259fc2/conflictForecastingData/aggregate_Forecasts_Rank
IRN,"Iran, Islamic Republic of",2025-04-01,2024-07-01,5.0113,29.0,0.8481675392670157,0.0663,29.0,0.8361581920903955,2024-08-01,0.9505965958163244,10.0,0.9415204678362573,0.5160472939007079,39.0,0.7719298245614035,4.709364683128428,34.0,0.8011695906432749,,,,,,,,,,,,,,28.0,0.8397891228796693,5,0.791919191919192,1.7264642683944514e-31,0.7877563430437109,3.592770103664e-31,,,"ml.CRD_VIEWS_Admin0, ml.CRD_CFB_Admin0, ml.CRD_CAST_Admin1",20240916,/Repos/.internal/f7d5c3f00d_commits/d9e7b0b6c2be226b403d5af1ce8e7afaa2259fc2/conflictForecastingData/aggregate_Forecasts_Rank
PSE,Occupied Palestinian territory,2025-04-01,,,,,,,,2024-08-01,0.9197047452054528,28.0,0.8362573099415205,0.9105968105445306,14.0,0.9181286549707602,9.707796123764584,2.0,0.9883040935672515,,,,,,,,,,,,,,15.0,0.9142300194931775,3,0.791919191919192,1.7264642683944514e-31,0.7877563430437109,3.592770103664e-31,,,"ml.CRD_VIEWS_Admin0, ml.CRD_CFB_Admin0, ml.CRD_CAST_Admin1",20240916,/Repos/.internal/f7d5c3f00d_commits/d9e7b0b6c2be226b403d5af1ce8e7afaa2259fc2/conflictForecastingData/aggregate_Forecasts_Rank
ISR,Israel,2025-04-01,2024-07-01,336.4771,7.0,0.9633507853403142,0.9786,7.0,0.96045197740113,2024-08-01,0.9197047452054528,28.0,0.8362573099415205,0.9105968105445306,14.0,0.9181286549707602,9.707796123764584,2.0,0.9883040935672515,,,,,,,,,,,,,,8.0,0.9332985642441953,5,0.791919191919192,1.7264642683944514e-31,0.7877563430437109,3.592770103664e-31,,,"ml.CRD_VIEWS_Admin0, ml.CRD_CFB_Admin0, ml.CRD_CAST_Admin1",20240916,/Repos/.internal/f7d5c3f00d_commits/d9e7b0b6c2be226b403d5af1ce8e7afaa2259fc2/conflictForecastingData/aggregate_Forecasts_Rank
SYR,Syria,2025-04-01,2024-07-01,898.9384,1.0,0.9947643979057592,0.9954,1.0,0.9943502824858758,2024-08-01,0.945183257311568,15.0,0.9122807017543859,0.9201838865717192,10.0,0.9415204678362573,7.663737284154915,13.0,0.9239766081871346,,,,,,,,,,,,,,5.0,0.9533784916338824,5,0.791919191919192,1.7264642683944514e-31,0.7877563430437109,3.592770103664e-31,,,"ml.CRD_VIEWS_Admin0, ml.CRD_CFB_Admin0, ml.CRD_CAST_Admin1",20240916,/Repos/.internal/f7d5c3f00d_commits/d9e7b0b6c2be226b403d5af1ce8e7afaa2259fc2/conflictForecastingData/aggregate_Forecasts_Rank
JOR,Jordan,2025-01-01,2024-07-01,0.1227,64.0,0.6649214659685864,0.0047,64.0,0.3904761904761904,2024-08-01,0.4280060995494487,75.0,0.5614035087719298,0.1748448598511496,63.0,0.631578947368421,0.9882260517706162,76.0,0.5555555555555556,2024-09-01,1.0,45.0,0.16666666666666663,0.0,37.0,0.0,0.0,70.0,0.0,1.0,64.0,0.1578947368421053,87.0,0.3713252918509188,8,0.7317171717171718,3.9765009228813245e-27,0.6911809308931867,2.2391058656379447e-24,0.7034066619807315,1.3059603299701514e-21,"ml.CRD_VIEWS_Admin0, ml.CRD_CFB_Admin0, ml.CRD_CAST_Admin1",20240916,/Repos/.internal/f7d5c3f00d_commits/d9e7b0b6c2be226b403d5af1ce8e7afaa2259fc2/conflictForecastingData/aggregate_Forecasts_Rank
JOR,Jordan,2025-08-01,,,,,,,,2024-08-01,0.4280060995494487,75.0,0.5614035087719298,0.1748448598511496,63.0,0.631578947368421,0.9882260517706162,76.0,0.5555555555555556,,,,,,,,,,,,,,74.0,0.5828460038986355,3,,,0.8778567078246888,3.1035349108157533e-38,,,"ml.CRD_VIEWS_Admin0, ml.CRD_CFB_Admin0, ml.CRD_CAST_Admin1",20240916,/Repos/.internal/f7d5c3f00d_commits/d9e7b0b6c2be226b403d5af1ce8e7afaa2259fc2/conflictForecastingData/aggregate_Forecasts_Rank
IRN,"Iran, Islamic Republic of",2025-01-01,2024-07-01,4.274,30.0,0.8429319371727748,0.0509,30.0,0.7142857142857143,2024-08-01,0.9505965958163244,10.0,0.9415204678362573,0.5160472939007079,39.0,0.7719298245614035,4.709364683128428,34.0,0.8011695906432749,2024-09-01,3.0,38.0,0.2962962962962963,0.0,37.0,0.0,1.0,56.0,0.19999999999999996,4.0,52.0,0.3157894736842105,42.0,0.5710167288494651,8,0.7317171717171718,3.9765009228813245e-27,0.6911809308931867,2.2391058656379447e-24,0.7034066619807315,1.3059603299701514e-21,"ml.CRD_VIEWS_Admin0, ml.CRD_CFB_Admin0, ml.CRD_CAST_Admin1",20240916,/Repos/.internal/f7d5c3f00d_commits/d9e7b0b6c2be226b403d5af1ce8e7afaa2259fc2/conflictForecastingData/aggregate_Forecasts_Rank
LBN,Lebanon,2025-01-01,2024-07-01,38.0289,17.0,0.9109947643979057,0.5581,17.0,0.8380952380952381,2024-08-01,0.8755822452786708,38.0,0.7777777777777778,0.8762797730610227,25.0,0.8538011695906433,5.74116122485866,25.0,0.8538011695906433,2024-09-01,2.0,42.0,0.2222222222222222,710.0,4.0,0.8918918918918919,1.0,56.0,0.19999999999999996,713.0,6.0,0.9210526315789473,26.0,0.6935730291957902,8,0.7317171717171718,3.9765009228813245e-27,0.6911809308931867,2.2391058656379447e-24,0.7034066619807315,1.3059603299701514e-21,"ml.CRD_VIEWS_Admin0, ml.CRD_CFB_Admin0, ml.CRD_CAST_Admin1",20240916,/Repos/.internal/f7d5c3f00d_commits/d9e7b0b6c2be226b403d5af1ce8e7afaa2259fc2/conflictForecastingData/aggregate_Forecasts_Rank
ISR,Israel,2025-01-01,2024-07-01,1047.7786,1.0,0.9947643979057592,0.9955,1.0,0.9904761904761905,2024-08-01,0.9197047452054528,28.0,0.8362573099415205,0.9105968105445306,14.0,0.9181286549707602,9.707796123764584,2.0,0.9883040935672515,2024-09-01,7.0,32.0,0.40740740740740744,191.0,8.0,0.7837837837837838,3.0,47.0,0.3285714285714286,201.0,14.0,0.8157894736842105,20.0,0.7809616583280128,8,0.7317171717171718,3.9765009228813245e-27,0.6911809308931867,2.2391058656379447e-24,0.7034066619807315,1.3059603299701514e-21,"ml.CRD_VIEWS_Admin0, ml.CRD_CFB_Admin0, ml.CRD_CAST_Admin1",20240916,/Repos/.internal/f7d5c3f00d_commits/d9e7b0b6c2be226b403d5af1ce8e7afaa2259fc2/conflictForecastingData/aggregate_Forecasts_Rank
PSE,Occupied Palestinian territory,2025-01-01,,,,,,,,2024-08-01,0.9197047452054528,28.0,0.8362573099415205,0.9105968105445306,14.0,0.9181286549707602,9.707796123764584,2.0,0.9883040935672515,2024-09-01,185.0,5.0,0.9074074074074074,990.0,3.0,0.9189189189189189,101.0,5.0,0.9285714285714286,1276.0,3.0,0.9605263157894737,2.0,0.9162646355628813,6,0.7317171717171718,3.9765009228813245e-27,0.6911809308931867,2.2391058656379447e-24,0.7034066619807315,1.3059603299701514e-21,"ml.CRD_VIEWS_Admin0, ml.CRD_CFB_Admin0, ml.CRD_CAST_Admin1",20240916,/Repos/.internal/f7d5c3f00d_commits/d9e7b0b6c2be226b403d5af1ce8e7afaa2259fc2/conflictForecastingData/aggregate_Forecasts_Rank
SYR,Syria,2025-01-01,2024-07-01,508.928,6.0,0.9685863874345549,0.9863,6.0,0.9428571428571428,2024-08-01,0.945183257311568,15.0,0.9122807017543859,0.9201838865717192,10.0,0.9415204678362573,7.663737284154915,13.0,0.9239766081871346,2024-09-01,242.0,4.0,0.9259259259259259,513.0,5.0,0.8648648648648649,171.0,3.0,0.9571428571428572,926.0,4.0,0.9473684210526316,1.0,0.9296443695003904,8,0.7317171717171718,3.9765009228813245e-27,0.6911809308931867,2.2391058656379447e-24,0.7034066619807315,1.3059603299701514e-21,"ml.CRD_VIEWS_Admin0, ml.CRD_CFB_Admin0, ml.CRD_CAST_Admin1",20240916,/Repos/.internal/f7d5c3f00d_commits/d9e7b0b6c2be226b403d5af1ce8e7afaa2259fc2/conflictForecastingData/aggregate_Forecasts_Rank
LBN,Lebanon,2025-08-01,,,,,,,,2024-08-01,0.8755822452786708,38.0,0.7777777777777778,0.8762797730610227,25.0,0.8538011695906433,5.74116122485866,25.0,0.8538011695906433,,,,,,,,,,,,,,29.0,0.8284600389863549,3,,,0.8778567078246888,3.1035349108157533e-38,,,"ml.CRD_VIEWS_Admin0, ml.CRD_CFB_Admin0, ml.CRD_CAST_Admin1",20240916,/Repos/.internal/f7d5c3f00d_commits/d9e7b0b6c2be226b403d5af1ce8e7afaa2259fc2/conflictForecastingData/aggregate_Forecasts_Rank
IRN,"Iran, Islamic Republic of",2025-08-01,,,,,,,,2024-08-01,0.9505965958163244,10.0,0.9415204678362573,0.5160472939007079,39.0,0.7719298245614035,4.709364683128428,34.0,0.8011695906432749,,,,,,,,,,,,,,27.0,0.8382066276803118,3,,,0.8778567078246888,3.1035349108157533e-38,,,"ml.CRD_VIEWS_Admin0, ml.CRD_CFB_Admin0, ml.CRD_CAST_Admin1",20240916,/Repos/.internal/f7d5c3f00d_commits/d9e7b0b6c2be226b403d5af1ce8e7afaa2259fc2/conflictForecastingData/aggregate_Forecasts_Rank
PSE,Occupied Palestinian territory,2025-08-01,,,,,,,,2024-08-01,0.9197047452054528,28.0,0.8362573099415205,0.9105968105445306,14.0,0.9181286549707602,9.707796123764584,2.0,0.9883040935672515,,,,,,,,,,,,,,9.0,0.9142300194931775,3,,,0.8778567078246888,3.1035349108157533e-38,,,"ml.CRD_VIEWS_Admin0, ml.CRD_CFB_Admin0, ml.CRD_CAST_Admin1",20240916,/Repos/.internal/f7d5c3f00d_commits/d9e7b0b6c2be226b403d5af1ce8e7afaa2259fc2/conflictForecastingData/aggregate_Forecasts_Rank
ISR,Israel,2025-08-01,,,,,,,,2024-08-01,0.9197047452054528,28.0,0.8362573099415205,0.9105968105445306,14.0,0.9181286549707602,9.707796123764584,2.0,0.9883040935672515,,,,,,,,,,,,,,9.0,0.9142300194931775,3,,,0.8778567078246888,3.1035349108157533e-38,,,"ml.CRD_VIEWS_Admin0, ml.CRD_CFB_Admin0, ml.CRD_CAST_Admin1",20240916,/Repos/.internal/f7d5c3f00d_commits/d9e7b0b6c2be226b403d5af1ce8e7afaa2259fc2/conflictForecastingData/aggregate_Forecasts_Rank
SYR,Syria,2025-08-01,,,,,,,,2024-08-01,0.945183257311568,15.0,0.9122807017543859,0.9201838865717192,10.0,0.9415204678362573,7.663737284154915,13.0,0.9239766081871346,,,,,,,,,,,,,,8.0,0.9259259259259259,3,,,0.8778567078246888,3.1035349108157533e-38,,,"ml.CRD_VIEWS_Admin0, ml.CRD_CFB_Admin0, ml.CRD_CAST_Admin1",20240916,/Repos/.internal/f7d5c3f00d_commits/d9e7b0b6c2be226b403d5af1ce8e7afaa2259fc2/conflictForecastingData/aggregate_Forecasts_Rank
JOR,Jordan,2025-05-01,2024-07-01,0.2203,65.0,0.6596858638743455,0.0057,64.0,0.5492957746478873,2024-08-01,0.4280060995494487,75.0,0.5614035087719298,0.1748448598511496,63.0,0.631578947368421,0.9882260517706162,76.0,0.5555555555555556,,,,,,,,,,,,,,66.0,0.5915039300436279,5,0.8274747474747476,3.171224308070483e-34,0.7954338862690664,9.501565535972271e-32,,,"ml.CRD_VIEWS_Admin0, ml.CRD_CFB_Admin0, ml.CRD_CAST_Admin1",20240916,/Repos/.internal/f7d5c3f00d_commits/d9e7b0b6c2be226b403d5af1ce8e7afaa2259fc2/conflictForecastingData/aggregate_Forecasts_Rank
